model_key,model,node_id,bracket_index,round,round_label,match_id,kickoff_utc,local_date,status,stage,team_a,team_b,team_a_advancement_prob,team_b_advancement_prob,predicted_winner,confidence,actual_winner,actual_probability,log_loss,weighted_log_loss,points_available,points_earned,possible_points_remaining,evaluated,correct
elo,Elo Model,R32_01,0,round_of_32,Round of 32,537415,2026-06-29T20:30:00Z,2026-06-29,IN_PLAY,LAST_32,Germany,Paraguay,0.5402535249140623,0.4597464750859377,Germany,0.5402535249140623,,,,0.0,1,-0.0,1,False,False
elo,Elo Model,R32_02,1,round_of_32,Round of 32,537416,2026-06-30T21:00:00Z,2026-06-30,TIMED,LAST_32,France,Sweden,0.8835412057577006,0.11645879424229949,France,0.8835412057577006,,,,0.0,1,-0.0,1,False,False
elo,Elo Model,R32_03,2,round_of_32,Round of 32,537417,2026-06-28T19:00:00Z,2026-06-28,FINISHED,LAST_32,South Africa,Canada,0.22598546723069288,0.7740145327693072,Canada,0.7740145327693072,Canada,0.7740145327693072,0.2561646293809449,0.2561646293809449,1,-0.2561646293809449,0,True,True
elo,Elo Model,R32_04,3,round_of_32,Round of 32,537418,2026-06-30T01:00:00Z,2026-06-29,TIMED,LAST_32,Netherlands,Morocco,0.6581307463721469,0.34186925362785325,Netherlands,0.6581307463721469,,,,0.0,1,-0.0,1,False,False
elo,Elo Model,R32_05,4,round_of_32,Round of 32,537419,2026-07-02T23:00:00Z,2026-07-02,TIMED,LAST_32,Portugal,Croatia,0.5706313327765472,0.42936866722345285,Portugal,0.5706313327765472,,,,0.0,1,-0.0,1,False,False
elo,Elo Model,R32_06,5,round_of_32,Round of 32,537420,2026-07-02T19:00:00Z,2026-07-02,TIMED,LAST_32,Spain,Austria,0.8551719035556603,0.14482809644433978,Spain,0.8551719035556603,,,,0.0,1,-0.0,1,False,False
elo,Elo Model,R32_07,6,round_of_32,Round of 32,537421,2026-07-02T00:00:00Z,2026-07-01,TIMED,LAST_32,United States,Bosnia-Herzegovina,0.935221965507488,0.06477803449251203,United States,0.935221965507488,,,,0.0,1,-0.0,1,False,False
elo,Elo Model,R32_08,7,round_of_32,Round of 32,537422,2026-07-01T20:00:00Z,2026-07-01,TIMED,LAST_32,Belgium,Senegal,0.5698127174997811,0.4301872825002188,Belgium,0.5698127174997811,,,,0.0,1,-0.0,1,False,False
elo,Elo Model,R32_09,8,round_of_32,Round of 32,537423,2026-06-29T17:00:00Z,2026-06-29,FINISHED,LAST_32,Brazil,Japan,0.6954202538342087,0.3045797461657913,Brazil,0.6954202538342087,Brazil,0.6954202538342087,0.36323893438786486,0.36323893438786486,1,-0.36323893438786486,0,True,True
elo,Elo Model,R32_10,9,round_of_32,Round of 32,537424,2026-06-30T17:00:00Z,2026-06-30,TIMED,LAST_32,Ivory Coast,Norway,0.20810136998800938,0.7918986300119906,Norway,0.7918986300119906,,,,0.0,1,-0.0,1,False,False
elo,Elo Model,R32_11,10,round_of_32,Round of 32,537425,2026-07-01T01:00:00Z,2026-06-30,TIMED,LAST_32,Mexico,Ecuador,0.4523504029990475,0.5476495970009526,Ecuador,0.5476495970009526,,,,0.0,1,-0.0,1,False,False
elo,Elo Model,R32_12,11,round_of_32,Round of 32,537426,2026-07-01T16:00:00Z,2026-07-01,TIMED,LAST_32,England,DR Congo,0.8580678586563356,0.14193214134366433,England,0.8580678586563356,,,,0.0,1,-0.0,1,False,False
elo,Elo Model,R32_13,12,round_of_32,Round of 32,537427,2026-07-03T22:00:00Z,2026-07-03,TIMED,LAST_32,Argentina,Cape Verde,0.9251103769736917,0.07488962302630839,Argentina,0.9251103769736917,,,,0.0,1,-0.0,1,False,False
elo,Elo Model,R32_14,13,round_of_32,Round of 32,537428,2026-07-03T18:00:00Z,2026-07-03,TIMED,LAST_32,Australia,Egypt,0.5887605171070296,0.4112394828929704,Australia,0.5887605171070296,,,,0.0,1,-0.0,1,False,False
elo,Elo Model,R32_15,14,round_of_32,Round of 32,537429,2026-07-03T03:00:00Z,2026-07-02,TIMED,LAST_32,Switzerland,Algeria,0.7243711367066804,0.27562886329331965,Switzerland,0.7243711367066804,,,,0.0,1,-0.0,1,False,False
elo,Elo Model,R32_16,15,round_of_32,Round of 32,537430,2026-07-04T01:30:00Z,2026-07-03,TIMED,LAST_32,Colombia,Ghana,0.9149020510674999,0.08509794893250022,Colombia,0.9149020510674999,,,,0.0,1,-0.0,1,False,False
elo,Elo Model,R16_01,0,round_of_16,Round of 16,R16_01,,,PREDICTED,round_of_16,Germany,France,0.2577927239957384,0.7422072760042617,France,0.7422072760042617,,,,0.0,2,-0.0,2,False,False
elo,Elo Model,R16_02,1,round_of_16,Round of 16,R16_02,,,PREDICTED,round_of_16,Canada,Netherlands,0.30435516887615416,0.6956448311238458,Netherlands,0.6956448311238458,,,,0.0,2,-0.0,2,False,False
elo,Elo Model,R16_03,2,round_of_16,Round of 16,R16_03,,,PREDICTED,round_of_16,Portugal,Spain,0.34398834125318745,0.6560116587468126,Spain,0.6560116587468126,,,,0.0,2,-0.0,2,False,False
elo,Elo Model,R16_04,3,round_of_16,Round of 16,R16_04,,,PREDICTED,round_of_16,United States,Belgium,0.45498502164883753,0.5450149783511625,Belgium,0.5450149783511625,,,,0.0,2,-0.0,2,False,False
elo,Elo Model,R16_05,4,round_of_16,Round of 16,R16_05,,,PREDICTED,round_of_16,Brazil,Norway,0.6848900434963212,0.3151099565036788,Brazil,0.6848900434963212,,,,0.0,2,-0.0,2,False,False
elo,Elo Model,R16_06,5,round_of_16,Round of 16,R16_06,,,PREDICTED,round_of_16,Ecuador,England,0.4732877924206289,0.5267122075793711,England,0.5267122075793711,,,,0.0,2,-0.0,2,False,False
elo,Elo Model,R16_07,6,round_of_16,Round of 16,R16_07,,,PREDICTED,round_of_16,Argentina,Australia,0.8812465001980292,0.11875349980197078,Argentina,0.8812465001980292,,,,0.0,2,-0.0,2,False,False
elo,Elo Model,R16_08,7,round_of_16,Round of 16,R16_08,,,PREDICTED,round_of_16,Switzerland,Colombia,0.38180741584686934,0.6181925841531306,Colombia,0.6181925841531306,,,,0.0,2,-0.0,2,False,False
elo,Elo Model,QF_01,0,quarterfinal,Quarterfinal,QF_01,,,PREDICTED,quarterfinal,France,Netherlands,0.6933556993766714,0.30664430062332865,France,0.6933556993766714,,,,0.0,4,-0.0,4,False,False
elo,Elo Model,QF_02,1,quarterfinal,Quarterfinal,QF_02,,,PREDICTED,quarterfinal,Spain,Belgium,0.8005104279660736,0.19948957203392637,Spain,0.8005104279660736,,,,0.0,4,-0.0,4,False,False
elo,Elo Model,QF_03,2,quarterfinal,Quarterfinal,QF_03,,,PREDICTED,quarterfinal,Brazil,England,0.5905350228527781,0.4094649771472219,Brazil,0.5905350228527781,,,,0.0,4,-0.0,4,False,False
elo,Elo Model,QF_04,3,quarterfinal,Quarterfinal,QF_04,,,PREDICTED,quarterfinal,Argentina,Colombia,0.6228860368589754,0.37711396314102463,Argentina,0.6228860368589754,,,,0.0,4,-0.0,4,False,False
elo,Elo Model,SF_01,0,semifinal,Semifinal,SF_01,,,PREDICTED,semifinal,France,Spain,0.4983570015699074,0.5016429984300926,Spain,0.5016429984300926,,,,0.0,8,-0.0,8,False,False
elo,Elo Model,SF_02,1,semifinal,Semifinal,SF_02,,,PREDICTED,semifinal,Brazil,Argentina,0.42570116869422797,0.5742988313057721,Argentina,0.5742988313057721,,,,0.0,8,-0.0,8,False,False
elo,Elo Model,F_01,0,final,Final,F_01,,,PREDICTED,final,Spain,Argentina,0.5364787595349061,0.4635212404650939,Spain,0.5364787595349061,,,,0.0,16,-0.0,16,False,False
regression,Regression Model,R32_01,0,round_of_32,Round of 32,537415,2026-06-29T20:30:00Z,2026-06-29,IN_PLAY,LAST_32,Germany,Paraguay,0.5349157396834947,0.46508426031650524,Germany,0.5349157396834947,,,,0.0,1,-0.0,1,False,False
regression,Regression Model,R32_02,1,round_of_32,Round of 32,537416,2026-06-30T21:00:00Z,2026-06-30,TIMED,LAST_32,France,Sweden,0.7398827286783728,0.26011727132162715,France,0.7398827286783728,,,,0.0,1,-0.0,1,False,False
regression,Regression Model,R32_03,2,round_of_32,Round of 32,537417,2026-06-28T19:00:00Z,2026-06-28,FINISHED,LAST_32,South Africa,Canada,0.30941061494361705,0.6905893850563829,Canada,0.6905893850563829,Canada,0.6905893850563829,0.37020986475488254,0.37020986475488254,1,-0.37020986475488254,0,True,True
regression,Regression Model,R32_04,3,round_of_32,Round of 32,537418,2026-06-30T01:00:00Z,2026-06-29,TIMED,LAST_32,Netherlands,Morocco,0.6231960220229787,0.37680397797702125,Netherlands,0.6231960220229787,,,,0.0,1,-0.0,1,False,False
regression,Regression Model,R32_05,4,round_of_32,Round of 32,537419,2026-07-02T23:00:00Z,2026-07-02,TIMED,LAST_32,Portugal,Croatia,0.5574997702547013,0.44250022974529873,Portugal,0.5574997702547013,,,,0.0,1,-0.0,1,False,False
regression,Regression Model,R32_06,5,round_of_32,Round of 32,537420,2026-07-02T19:00:00Z,2026-07-02,TIMED,LAST_32,Spain,Austria,0.7334344217983454,0.26656557820165466,Spain,0.7334344217983454,,,,0.0,1,-0.0,1,False,False
regression,Regression Model,R32_07,6,round_of_32,Round of 32,537421,2026-07-02T00:00:00Z,2026-07-01,TIMED,LAST_32,United States,Bosnia-Herzegovina,0.63858315135798,0.36141684864202,United States,0.63858315135798,,,,0.0,1,-0.0,1,False,False
regression,Regression Model,R32_08,7,round_of_32,Round of 32,537422,2026-07-01T20:00:00Z,2026-07-01,TIMED,LAST_32,Belgium,Senegal,0.5568694702240163,0.4431305297759838,Belgium,0.5568694702240163,,,,0.0,1,-0.0,1,False,False
regression,Regression Model,R32_09,8,round_of_32,Round of 32,537423,2026-06-29T17:00:00Z,2026-06-29,FINISHED,LAST_32,Brazil,Japan,0.6484545073123581,0.35154549268764185,Brazil,0.6484545073123581,Brazil,0.6484545073123581,0.4331634283226115,0.4331634283226115,1,-0.4331634283226115,0,True,True
regression,Regression Model,R32_10,9,round_of_32,Round of 32,537424,2026-06-30T17:00:00Z,2026-06-30,TIMED,LAST_32,Ivory Coast,Norway,0.29929300062151853,0.7007069993784815,Norway,0.7007069993784815,,,,0.0,1,-0.0,1,False,False
regression,Regression Model,R32_11,10,round_of_32,Round of 32,537425,2026-07-01T01:00:00Z,2026-06-30,TIMED,LAST_32,Mexico,Ecuador,0.4655065976759041,0.534493402324096,Ecuador,0.534493402324096,,,,0.0,1,-0.0,1,False,False
regression,Regression Model,R32_12,11,round_of_32,Round of 32,537426,2026-07-01T16:00:00Z,2026-07-01,TIMED,LAST_32,England,DR Congo,0.732389114516481,0.2676108854835191,England,0.732389114516481,,,,0.0,1,-0.0,1,False,False
regression,Regression Model,R32_13,12,round_of_32,Round of 32,537427,2026-07-03T22:00:00Z,2026-07-03,TIMED,LAST_32,Argentina,Cape Verde,0.7036849103513,0.29631508964869996,Argentina,0.7036849103513,,,,0.0,1,-0.0,1,False,False
regression,Regression Model,R32_14,13,round_of_32,Round of 32,537428,2026-07-03T18:00:00Z,2026-07-03,TIMED,LAST_32,Australia,Egypt,0.5700004297397205,0.4299995702602795,Australia,0.5700004297397205,,,,0.0,1,-0.0,1,False,False
regression,Regression Model,R32_15,14,round_of_32,Round of 32,537429,2026-07-03T03:00:00Z,2026-07-02,TIMED,LAST_32,Switzerland,Algeria,0.666760100918179,0.33323989908182094,Switzerland,0.666760100918179,,,,0.0,1,-0.0,1,False,False
regression,Regression Model,R32_16,15,round_of_32,Round of 32,537430,2026-07-04T01:30:00Z,2026-07-03,TIMED,LAST_32,Colombia,Ghana,0.7239549396298337,0.2760450603701664,Colombia,0.7239549396298337,,,,0.0,1,-0.0,1,False,False
regression,Regression Model,R16_01,0,round_of_16,Round of 16,R16_01,,,PREDICTED,round_of_16,Germany,France,0.3262146482277725,0.6737853517722274,France,0.6737853517722274,,,,0.0,2,-0.0,2,False,False
regression,Regression Model,R16_02,1,round_of_16,Round of 16,R16_02,,,PREDICTED,round_of_16,Canada,Netherlands,0.35707893726250617,0.6429210627374938,Netherlands,0.6429210627374938,,,,0.0,2,-0.0,2,False,False
regression,Regression Model,R16_03,2,round_of_16,Round of 16,R16_03,,,PREDICTED,round_of_16,Portugal,Spain,0.38364286938356246,0.6163571306164376,Spain,0.6163571306164376,,,,0.0,2,-0.0,2,False,False
regression,Regression Model,R16_04,3,round_of_16,Round of 16,R16_04,,,PREDICTED,round_of_16,United States,Belgium,0.46756046378775645,0.5324395362122435,Belgium,0.5324395362122435,,,,0.0,2,-0.0,2,False,False
regression,Regression Model,R16_05,4,round_of_16,Round of 16,R16_05,,,PREDICTED,round_of_16,Brazil,Norway,0.6415038153214745,0.35849618467852545,Brazil,0.6415038153214745,,,,0.0,2,-0.0,2,False,False
regression,Regression Model,R16_06,5,round_of_16,Round of 16,R16_06,,,PREDICTED,round_of_16,Ecuador,England,0.48165581611212943,0.5183441838878706,England,0.5183441838878706,,,,0.0,2,-0.0,2,False,False
regression,Regression Model,R16_07,6,round_of_16,Round of 16,R16_07,,,PREDICTED,round_of_16,Argentina,Australia,0.7392237189450357,0.26077628105496437,Argentina,0.7392237189450357,,,,0.0,2,-0.0,2,False,False
regression,Regression Model,R16_08,7,round_of_16,Round of 16,R16_08,,,PREDICTED,round_of_16,Switzerland,Colombia,0.41489823322826125,0.5851017667717389,Colombia,0.5851017667717389,,,,0.0,2,-0.0,2,False,False
regression,Regression Model,QF_01,0,quarterfinal,Quarterfinal,QF_01,,,PREDICTED,quarterfinal,France,Netherlands,0.6474071632852753,0.35259283671472474,France,0.6474071632852753,,,,0.0,4,-0.0,4,False,False
regression,Regression Model,QF_02,1,quarterfinal,Quarterfinal,QF_02,,,PREDICTED,quarterfinal,Spain,Belgium,0.7112594939506804,0.28874050604931967,Spain,0.7112594939506804,,,,0.0,4,-0.0,4,False,False
regression,Regression Model,QF_03,2,quarterfinal,Quarterfinal,QF_03,,,PREDICTED,quarterfinal,Brazil,England,0.5717831987034334,0.4282168012965666,Brazil,0.5717831987034334,,,,0.0,4,-0.0,4,False,False
regression,Regression Model,QF_04,3,quarterfinal,Quarterfinal,QF_04,,,PREDICTED,quarterfinal,Argentina,Colombia,0.5941268085662709,0.4058731914337292,Argentina,0.5941268085662709,,,,0.0,4,-0.0,4,False,False
regression,Regression Model,SF_01,0,semifinal,Semifinal,SF_01,,,PREDICTED,semifinal,France,Spain,0.5017654736027185,0.49823452639728144,France,0.5017654736027185,,,,0.0,8,-0.0,8,False,False
regression,Regression Model,SF_02,1,semifinal,Semifinal,SF_02,,,PREDICTED,semifinal,Brazil,Argentina,0.4456495448857254,0.5543504551142746,Argentina,0.5543504551142746,,,,0.0,8,-0.0,8,False,False
regression,Regression Model,F_01,0,final,Final,F_01,,,PREDICTED,final,France,Argentina,0.5308411265558807,0.46915887344411933,France,0.5308411265558807,,,,0.0,16,-0.0,16,False,False
gradient_boosting,Gradient Boosting Model,R32_01,0,round_of_32,Round of 32,537415,2026-06-29T20:30:00Z,2026-06-29,IN_PLAY,LAST_32,Germany,Paraguay,0.5178176208468899,0.48218237915311013,Germany,0.5178176208468899,,,,0.0,1,-0.0,1,False,False
gradient_boosting,Gradient Boosting Model,R32_02,1,round_of_32,Round of 32,537416,2026-06-30T21:00:00Z,2026-06-30,TIMED,LAST_32,France,Sweden,0.6074647249744737,0.39253527502552626,France,0.6074647249744737,,,,0.0,1,-0.0,1,False,False
gradient_boosting,Gradient Boosting Model,R32_03,2,round_of_32,Round of 32,537417,2026-06-28T19:00:00Z,2026-06-28,FINISHED,LAST_32,South Africa,Canada,0.3913573497917061,0.608642650208294,Canada,0.608642650208294,Canada,0.608642650208294,0.4965239647629119,0.4965239647629119,1,-0.4965239647629119,0,True,True
gradient_boosting,Gradient Boosting Model,R32_04,3,round_of_32,Round of 32,537418,2026-06-30T01:00:00Z,2026-06-29,TIMED,LAST_32,Netherlands,Morocco,0.5557447829334536,0.44425521706654647,Netherlands,0.5557447829334536,,,,0.0,1,-0.0,1,False,False
gradient_boosting,Gradient Boosting Model,R32_05,4,round_of_32,Round of 32,537419,2026-07-02T23:00:00Z,2026-07-02,TIMED,LAST_32,Portugal,Croatia,0.5467175396300542,0.4532824603699458,Portugal,0.5467175396300542,,,,0.0,1,-0.0,1,False,False
gradient_boosting,Gradient Boosting Model,R32_06,5,round_of_32,Round of 32,537420,2026-07-02T19:00:00Z,2026-07-02,TIMED,LAST_32,Spain,Austria,0.5920171872633793,0.4079828127366207,Spain,0.5920171872633793,,,,0.0,1,-0.0,1,False,False
gradient_boosting,Gradient Boosting Model,R32_07,6,round_of_32,Round of 32,537421,2026-07-02T00:00:00Z,2026-07-01,TIMED,LAST_32,United States,Bosnia-Herzegovina,0.6323566688240371,0.367643331175963,United States,0.6323566688240371,,,,0.0,1,-0.0,1,False,False
gradient_boosting,Gradient Boosting Model,R32_08,7,round_of_32,Round of 32,537422,2026-07-01T20:00:00Z,2026-07-01,TIMED,LAST_32,Belgium,Senegal,0.5467175396300542,0.4532824603699458,Belgium,0.5467175396300542,,,,0.0,1,-0.0,1,False,False
gradient_boosting,Gradient Boosting Model,R32_09,8,round_of_32,Round of 32,537423,2026-06-29T17:00:00Z,2026-06-29,FINISHED,LAST_32,Brazil,Japan,0.5854390283735464,0.41456097162645356,Brazil,0.5854390283735464,Brazil,0.5854390283735464,0.5353932373642533,0.5353932373642533,1,-0.5353932373642533,0,True,True
gradient_boosting,Gradient Boosting Model,R32_10,9,round_of_32,Round of 32,537424,2026-06-30T17:00:00Z,2026-06-30,TIMED,LAST_32,Ivory Coast,Norway,0.3870798810173492,0.6129201189826509,Norway,0.6129201189826509,,,,0.0,1,-0.0,1,False,False
gradient_boosting,Gradient Boosting Model,R32_11,10,round_of_32,Round of 32,537425,2026-07-01T01:00:00Z,2026-06-30,TIMED,LAST_32,Mexico,Ecuador,0.4832020695551432,0.5167979304448569,Ecuador,0.5167979304448569,,,,0.0,1,-0.0,1,False,False
gradient_boosting,Gradient Boosting Model,R32_12,11,round_of_32,Round of 32,537426,2026-07-01T16:00:00Z,2026-07-01,TIMED,LAST_32,England,DR Congo,0.5920171872633793,0.4079828127366207,England,0.5920171872633793,,,,0.0,1,-0.0,1,False,False
gradient_boosting,Gradient Boosting Model,R32_13,12,round_of_32,Round of 32,537427,2026-07-03T22:00:00Z,2026-07-03,TIMED,LAST_32,Argentina,Cape Verde,0.6231224836512084,0.37687751634879163,Argentina,0.6231224836512084,,,,0.0,1,-0.0,1,False,False
gradient_boosting,Gradient Boosting Model,R32_14,13,round_of_32,Round of 32,537428,2026-07-03T18:00:00Z,2026-07-03,TIMED,LAST_32,Australia,Egypt,0.5476011357796355,0.45239886422036457,Australia,0.5476011357796355,,,,0.0,1,-0.0,1,False,False
gradient_boosting,Gradient Boosting Model,R32_15,14,round_of_32,Round of 32,537429,2026-07-03T03:00:00Z,2026-07-02,TIMED,LAST_32,Switzerland,Algeria,0.58479864002807,0.4152013599719299,Switzerland,0.58479864002807,,,,0.0,1,-0.0,1,False,False
gradient_boosting,Gradient Boosting Model,R32_16,15,round_of_32,Round of 32,537430,2026-07-04T01:30:00Z,2026-07-03,TIMED,LAST_32,Colombia,Ghana,0.6198717493099627,0.3801282506900374,Colombia,0.6198717493099627,,,,0.0,1,-0.0,1,False,False
gradient_boosting,Gradient Boosting Model,R16_01,0,round_of_16,Round of 16,R16_01,,,PREDICTED,round_of_16,Germany,France,0.3974128331896484,0.6025871668103516,France,0.6025871668103516,,,,0.0,2,-0.0,2,False,False
gradient_boosting,Gradient Boosting Model,R16_02,1,round_of_16,Round of 16,R16_02,,,PREDICTED,round_of_16,Canada,Netherlands,0.4156638586860735,0.5843361413139265,Netherlands,0.5843361413139265,,,,0.0,2,-0.0,2,False,False
gradient_boosting,Gradient Boosting Model,R16_03,2,round_of_16,Round of 16,R16_03,,,PREDICTED,round_of_16,Portugal,Spain,0.4417896441223684,0.5582103558776317,Spain,0.5582103558776317,,,,0.0,2,-0.0,2,False,False
gradient_boosting,Gradient Boosting Model,R16_04,3,round_of_16,Round of 16,R16_04,,,PREDICTED,round_of_16,United States,Belgium,0.4832020695551432,0.5167979304448569,Belgium,0.5167979304448569,,,,0.0,2,-0.0,2,False,False
gradient_boosting,Gradient Boosting Model,R16_05,4,round_of_16,Round of 16,R16_05,,,PREDICTED,round_of_16,Brazil,Norway,0.5854390283735464,0.41456097162645356,Brazil,0.5854390283735464,,,,0.0,2,-0.0,2,False,False
gradient_boosting,Gradient Boosting Model,R16_06,5,round_of_16,Round of 16,R16_06,,,PREDICTED,round_of_16,Ecuador,England,0.4923255726515293,0.5076744273484708,England,0.5076744273484708,,,,0.0,2,-0.0,2,False,False
gradient_boosting,Gradient Boosting Model,R16_07,6,round_of_16,Round of 16,R16_07,,,PREDICTED,round_of_16,Argentina,Australia,0.6049639998968598,0.39503600010314033,Argentina,0.6049639998968598,,,,0.0,2,-0.0,2,False,False
gradient_boosting,Gradient Boosting Model,R16_08,7,round_of_16,Round of 16,R16_08,,,PREDICTED,round_of_16,Switzerland,Colombia,0.47009090180841745,0.5299090981915826,Colombia,0.5299090981915826,,,,0.0,2,-0.0,2,False,False
gradient_boosting,Gradient Boosting Model,QF_01,0,quarterfinal,Quarterfinal,QF_01,,,PREDICTED,quarterfinal,France,Netherlands,0.5854390283735464,0.41456097162645356,France,0.5854390283735464,,,,0.0,4,-0.0,4,False,False
gradient_boosting,Gradient Boosting Model,QF_02,1,quarterfinal,Quarterfinal,QF_02,,,PREDICTED,quarterfinal,Spain,Belgium,0.590448657176212,0.40955134282378797,Spain,0.590448657176212,,,,0.0,4,-0.0,4,False,False
gradient_boosting,Gradient Boosting Model,QF_03,2,quarterfinal,Quarterfinal,QF_03,,,PREDICTED,quarterfinal,Brazil,England,0.5476011357796355,0.45239886422036457,Brazil,0.5476011357796355,,,,0.0,4,-0.0,4,False,False
gradient_boosting,Gradient Boosting Model,QF_04,3,quarterfinal,Quarterfinal,QF_04,,,PREDICTED,quarterfinal,Argentina,Colombia,0.5534796266479837,0.4465203733520163,Argentina,0.5534796266479837,,,,0.0,4,-0.0,4,False,False
gradient_boosting,Gradient Boosting Model,SF_01,0,semifinal,Semifinal,SF_01,,,PREDICTED,semifinal,France,Spain,0.49786905715047247,0.5021309428495275,Spain,0.5021309428495275,,,,0.0,8,-0.0,8,False,False
gradient_boosting,Gradient Boosting Model,SF_02,1,semifinal,Semifinal,SF_02,,,PREDICTED,semifinal,Brazil,Argentina,0.4710294410760095,0.5289705589239906,Argentina,0.5289705589239906,,,,0.0,8,-0.0,8,False,False
gradient_boosting,Gradient Boosting Model,F_01,0,final,Final,F_01,,,PREDICTED,final,Spain,Argentina,0.5178176208468899,0.48218237915311013,Spain,0.5178176208468899,,,,0.0,16,-0.0,16,False,False
blended,Blended Model,R32_01,0,round_of_32,Round of 32,537415,2026-06-29T20:30:00Z,2026-06-29,IN_PLAY,LAST_32,Germany,Paraguay,0.528931398090683,0.471068601909317,Germany,0.528931398090683,,,,0.0,1,-0.0,1,False,False
blended,Blended Model,R32_02,1,round_of_32,Round of 32,537416,2026-06-30T21:00:00Z,2026-06-30,TIMED,LAST_32,France,Sweden,0.6935364273820082,0.30646357261799184,France,0.6935364273820082,,,,0.0,1,-0.0,1,False,False
blended,Blended Model,R32_03,2,round_of_32,Round of 32,537417,2026-06-28T19:00:00Z,2026-06-28,FINISHED,LAST_32,South Africa,Canada,0.3380919721404482,0.6619080278595518,Canada,0.6619080278595518,Canada,0.6619080278595518,0.4126286634226486,0.4126286634226486,1,-0.4126286634226486,0,True,True
blended,Blended Model,R32_04,3,round_of_32,Round of 32,537418,2026-06-30T01:00:00Z,2026-06-29,TIMED,LAST_32,Netherlands,Morocco,0.599588088341645,0.4004119116583551,Netherlands,0.599588088341645,,,,0.0,1,-0.0,1,False,False
blended,Blended Model,R32_05,4,round_of_32,Round of 32,537419,2026-07-02T23:00:00Z,2026-07-02,TIMED,LAST_32,Portugal,Croatia,0.5537259895360749,0.4462740104639251,Portugal,0.5537259895360749,,,,0.0,1,-0.0,1,False,False
blended,Blended Model,R32_06,5,round_of_32,Round of 32,537420,2026-07-02T19:00:00Z,2026-07-02,TIMED,LAST_32,Spain,Austria,0.6839383897111072,0.31606161028889274,Spain,0.6839383897111072,,,,0.0,1,-0.0,1,False,False
blended,Blended Model,R32_07,6,round_of_32,Round of 32,537421,2026-07-02T00:00:00Z,2026-07-01,TIMED,LAST_32,United States,Bosnia-Herzegovina,0.6364038824711,0.3635961175289001,United States,0.6364038824711,,,,0.0,1,-0.0,1,False,False
blended,Blended Model,R32_08,7,round_of_32,Round of 32,537422,2026-07-01T20:00:00Z,2026-07-01,TIMED,LAST_32,Belgium,Senegal,0.5533162945161296,0.4466837054838705,Belgium,0.5533162945161296,,,,0.0,1,-0.0,1,False,False
blended,Blended Model,R32_09,8,round_of_32,Round of 32,537423,2026-06-29T17:00:00Z,2026-06-29,FINISHED,LAST_32,Brazil,Japan,0.6263990896837741,0.37360091031622594,Brazil,0.6263990896837741,Brazil,0.6263990896837741,0.4677675875572796,0.4677675875572796,1,-0.4677675875572796,0,True,True
blended,Blended Model,R32_10,9,round_of_32,Round of 32,537424,2026-06-30T17:00:00Z,2026-06-30,TIMED,LAST_32,Ivory Coast,Norway,0.3300184087600593,0.6699815912399407,Norway,0.6699815912399407,,,,0.0,1,-0.0,1,False,False
blended,Blended Model,R32_11,10,round_of_32,Round of 32,537425,2026-07-01T01:00:00Z,2026-06-30,TIMED,LAST_32,Mexico,Ecuador,0.47170001283363777,0.5282999871663623,Ecuador,0.5282999871663623,,,,0.0,1,-0.0,1,False,False
blended,Blended Model,R32_12,11,round_of_32,Round of 32,537426,2026-07-01T16:00:00Z,2026-07-01,TIMED,LAST_32,England,DR Congo,0.6832589399778954,0.3167410600221046,England,0.6832589399778954,,,,0.0,1,-0.0,1,False,False
blended,Blended Model,R32_13,12,round_of_32,Round of 32,537427,2026-07-03T22:00:00Z,2026-07-03,TIMED,LAST_32,Argentina,Cape Verde,0.6754880610062679,0.32451193899373204,Argentina,0.6754880610062679,,,,0.0,1,-0.0,1,False,False
blended,Blended Model,R32_14,13,round_of_32,Round of 32,537428,2026-07-03T18:00:00Z,2026-07-03,TIMED,LAST_32,Australia,Egypt,0.5621606768536908,0.43783932314630924,Australia,0.5621606768536908,,,,0.0,1,-0.0,1,False,False
blended,Blended Model,R32_15,14,round_of_32,Round of 32,537429,2026-07-03T03:00:00Z,2026-07-02,TIMED,LAST_32,Switzerland,Algeria,0.638073589606641,0.36192641039335904,Switzerland,0.638073589606641,,,,0.0,1,-0.0,1,False,False
blended,Blended Model,R32_16,15,round_of_32,Round of 32,537430,2026-07-04T01:30:00Z,2026-07-03,TIMED,LAST_32,Colombia,Ghana,0.6875258230178788,0.3124741769821212,Colombia,0.6875258230178788,,,,0.0,1,-0.0,1,False,False
blended,Blended Model,R16_01,0,round_of_16,Round of 16,R16_01,,,PREDICTED,round_of_16,Germany,France,0.3511340129644291,0.648865987035571,France,0.648865987035571,,,,0.0,2,-0.0,2,False,False
blended,Blended Model,R16_02,1,round_of_16,Round of 16,R16_02,,,PREDICTED,round_of_16,Canada,Netherlands,0.37758365976075475,0.6224163402392453,Netherlands,0.6224163402392453,,,,0.0,2,-0.0,2,False,False
blended,Blended Model,R16_03,2,round_of_16,Round of 16,R16_03,,,PREDICTED,round_of_16,Portugal,Spain,0.4039942405421445,0.5960057594578555,Spain,0.5960057594578555,,,,0.0,2,-0.0,2,False,False
blended,Blended Model,R16_04,3,round_of_16,Round of 16,R16_04,,,PREDICTED,round_of_16,United States,Belgium,0.4730350258063418,0.5269649741936582,Belgium,0.5269649741936582,,,,0.0,2,-0.0,2,False,False
blended,Blended Model,R16_05,4,round_of_16,Round of 16,R16_05,,,PREDICTED,round_of_16,Brazil,Norway,0.6218811398896997,0.37811886011030027,Brazil,0.6218811398896997,,,,0.0,2,-0.0,2,False,False
blended,Blended Model,R16_06,5,round_of_16,Round of 16,R16_06,,,PREDICTED,round_of_16,Ecuador,England,0.4853902309009194,0.5146097690990807,England,0.5146097690990807,,,,0.0,2,-0.0,2,False,False
blended,Blended Model,R16_07,6,round_of_16,Round of 16,R16_07,,,PREDICTED,round_of_16,Argentina,Australia,0.6922328172781741,0.30776718272182596,Argentina,0.6922328172781741,,,,0.0,2,-0.0,2,False,False
blended,Blended Model,R16_08,7,round_of_16,Round of 16,R16_08,,,PREDICTED,round_of_16,Switzerland,Colombia,0.4342156672313159,0.5657843327686841,Colombia,0.5657843327686841,,,,0.0,2,-0.0,2,False,False
blended,Blended Model,QF_01,0,quarterfinal,Quarterfinal,QF_01,,,PREDICTED,quarterfinal,France,Netherlands,0.6257183160661701,0.3742816839338298,France,0.6257183160661701,,,,0.0,4,-0.0,4,False,False
blended,Blended Model,QF_02,1,quarterfinal,Quarterfinal,QF_02,,,PREDICTED,quarterfinal,Spain,Belgium,0.6689757010796165,0.33102429892038354,Spain,0.6689757010796165,,,,0.0,4,-0.0,4,False,False
blended,Blended Model,QF_03,2,quarterfinal,Quarterfinal,QF_03,,,PREDICTED,quarterfinal,Brazil,England,0.5633194766801041,0.4366805233198959,Brazil,0.5633194766801041,,,,0.0,4,-0.0,4,False,False
blended,Blended Model,QF_04,3,quarterfinal,Quarterfinal,QF_04,,,PREDICTED,quarterfinal,Argentina,Colombia,0.5799002948948704,0.4200997051051297,Argentina,0.5799002948948704,,,,0.0,4,-0.0,4,False,False
blended,Blended Model,SF_01,0,semifinal,Semifinal,SF_01,,,PREDICTED,semifinal,France,Spain,0.5004017278444325,0.4995982721555676,France,0.5004017278444325,,,,0.0,8,-0.0,8,False,False
blended,Blended Model,SF_02,1,semifinal,Semifinal,SF_02,,,PREDICTED,semifinal,Brazil,Argentina,0.45453250855232485,0.5454674914476751,Argentina,0.5454674914476751,,,,0.0,8,-0.0,8,False,False
blended,Blended Model,F_01,0,final,Final,F_01,,,PREDICTED,final,France,Argentina,0.5262828995577339,0.4737171004422661,France,0.5262828995577339,,,,0.0,16,-0.0,16,False,False
market_adjusted_wc_elo,Market-Adjusted WC Elo Model,R32_01,0,round_of_32,Round of 32,537415,2026-06-29T20:30:00Z,2026-06-29,IN_PLAY,LAST_32,Germany,Paraguay,0.6268999477466618,0.3731000522533383,Germany,0.6268999477466618,,,,0.0,1,-0.0,1,False,False
market_adjusted_wc_elo,Market-Adjusted WC Elo Model,R32_02,1,round_of_32,Round of 32,537416,2026-06-30T21:00:00Z,2026-06-30,TIMED,LAST_32,France,Sweden,0.8978081771398607,0.10219182286013931,France,0.8978081771398607,,,,0.0,1,-0.0,1,False,False
market_adjusted_wc_elo,Market-Adjusted WC Elo Model,R32_03,2,round_of_32,Round of 32,537417,2026-06-28T19:00:00Z,2026-06-28,FINISHED,LAST_32,South Africa,Canada,0.18661409737636053,0.8133859026236394,Canada,0.8133859026236394,Canada,0.8133859026236394,0.20654961707838315,0.20654961707838315,1,-0.20654961707838315,0,True,True
market_adjusted_wc_elo,Market-Adjusted WC Elo Model,R32_04,3,round_of_32,Round of 32,537418,2026-06-30T01:00:00Z,2026-06-29,TIMED,LAST_32,Netherlands,Morocco,0.682134353367384,0.3178656466326161,Netherlands,0.682134353367384,,,,0.0,1,-0.0,1,False,False
market_adjusted_wc_elo,Market-Adjusted WC Elo Model,R32_05,4,round_of_32,Round of 32,537419,2026-07-02T23:00:00Z,2026-07-02,TIMED,LAST_32,Portugal,Croatia,0.6257923593240617,0.37420764067593837,Portugal,0.6257923593240617,,,,0.0,1,-0.0,1,False,False
market_adjusted_wc_elo,Market-Adjusted WC Elo Model,R32_06,5,round_of_32,Round of 32,537420,2026-07-02T19:00:00Z,2026-07-02,TIMED,LAST_32,Spain,Austria,0.885920230387133,0.11407976961286713,Spain,0.885920230387133,,,,0.0,1,-0.0,1,False,False
market_adjusted_wc_elo,Market-Adjusted WC Elo Model,R32_07,6,round_of_32,Round of 32,537421,2026-07-02T00:00:00Z,2026-07-01,TIMED,LAST_32,United States,Bosnia-Herzegovina,0.9357792985679079,0.06422070143209212,United States,0.9357792985679079,,,,0.0,1,-0.0,1,False,False
market_adjusted_wc_elo,Market-Adjusted WC Elo Model,R32_08,7,round_of_32,Round of 32,537422,2026-07-01T20:00:00Z,2026-07-01,TIMED,LAST_32,Belgium,Senegal,0.5757768834359298,0.4242231165640702,Belgium,0.5757768834359298,,,,0.0,1,-0.0,1,False,False
market_adjusted_wc_elo,Market-Adjusted WC Elo Model,R32_09,8,round_of_32,Round of 32,537423,2026-06-29T17:00:00Z,2026-06-29,FINISHED,LAST_32,Brazil,Japan,0.7412455338545755,0.2587544661454245,Brazil,0.7412455338545755,Brazil,0.7412455338545755,0.2994233538423829,0.2994233538423829,1,-0.2994233538423829,0,True,True
market_adjusted_wc_elo,Market-Adjusted WC Elo Model,R32_10,9,round_of_32,Round of 32,537424,2026-06-30T17:00:00Z,2026-06-30,TIMED,LAST_32,Ivory Coast,Norway,0.20233225253716788,0.7976677474628321,Norway,0.7976677474628321,,,,0.0,1,-0.0,1,False,False
market_adjusted_wc_elo,Market-Adjusted WC Elo Model,R32_11,10,round_of_32,Round of 32,537425,2026-07-01T01:00:00Z,2026-06-30,TIMED,LAST_32,Mexico,Ecuador,0.3767075417644212,0.6232924582355788,Ecuador,0.6232924582355788,,,,0.0,1,-0.0,1,False,False
market_adjusted_wc_elo,Market-Adjusted WC Elo Model,R32_12,11,round_of_32,Round of 32,537426,2026-07-01T16:00:00Z,2026-07-01,TIMED,LAST_32,England,DR Congo,0.8965558142346199,0.10344418576538,England,0.8965558142346199,,,,0.0,1,-0.0,1,False,False
market_adjusted_wc_elo,Market-Adjusted WC Elo Model,R32_13,12,round_of_32,Round of 32,537427,2026-07-03T22:00:00Z,2026-07-03,TIMED,LAST_32,Argentina,Cape Verde,0.9329779274258958,0.0670220725741042,Argentina,0.9329779274258958,,,,0.0,1,-0.0,1,False,False
market_adjusted_wc_elo,Market-Adjusted WC Elo Model,R32_14,13,round_of_32,Round of 32,537428,2026-07-03T18:00:00Z,2026-07-03,TIMED,LAST_32,Australia,Egypt,0.5517720947729201,0.4482279052270799,Australia,0.5517720947729201,,,,0.0,1,-0.0,1,False,False
market_adjusted_wc_elo,Market-Adjusted WC Elo Model,R32_15,14,round_of_32,Round of 32,537429,2026-07-03T03:00:00Z,2026-07-02,TIMED,LAST_32,Switzerland,Algeria,0.7386614711915929,0.26133852880840713,Switzerland,0.7386614711915929,,,,0.0,1,-0.0,1,False,False
market_adjusted_wc_elo,Market-Adjusted WC Elo Model,R32_16,15,round_of_32,Round of 32,537430,2026-07-04T01:30:00Z,2026-07-03,TIMED,LAST_32,Colombia,Ghana,0.9168443129493888,0.08315568705061122,Colombia,0.9168443129493888,,,,0.0,1,-0.0,1,False,False
market_adjusted_wc_elo,Market-Adjusted WC Elo Model,R16_01,0,round_of_16,Round of 16,R16_01,,,PREDICTED,round_of_16,Germany,France,0.23578471836916937,0.7642152816308306,France,0.7642152816308306,,,,0.0,2,-0.0,2,False,False
market_adjusted_wc_elo,Market-Adjusted WC Elo Model,R16_02,1,round_of_16,Round of 16,R16_02,,,PREDICTED,round_of_16,Canada,Netherlands,0.23153596520761105,0.768464034792389,Netherlands,0.768464034792389,,,,0.0,2,-0.0,2,False,False
market_adjusted_wc_elo,Market-Adjusted WC Elo Model,R16_03,2,round_of_16,Round of 16,R16_03,,,PREDICTED,round_of_16,Portugal,Spain,0.32463124298888885,0.6753687570111112,Spain,0.6753687570111112,,,,0.0,2,-0.0,2,False,False
market_adjusted_wc_elo,Market-Adjusted WC Elo Model,R16_04,3,round_of_16,Round of 16,R16_04,,,PREDICTED,round_of_16,United States,Belgium,0.4348491419684746,0.5651508580315254,Belgium,0.5651508580315254,,,,0.0,2,-0.0,2,False,False
market_adjusted_wc_elo,Market-Adjusted WC Elo Model,R16_05,4,round_of_16,Round of 16,R16_05,,,PREDICTED,round_of_16,Brazil,Norway,0.7042384649933864,0.2957615350066137,Brazil,0.7042384649933864,,,,0.0,2,-0.0,2,False,False
market_adjusted_wc_elo,Market-Adjusted WC Elo Model,R16_06,5,round_of_16,Round of 16,R16_06,,,PREDICTED,round_of_16,Ecuador,England,0.3993912728677132,0.6006087271322869,England,0.6006087271322869,,,,0.0,2,-0.0,2,False,False
market_adjusted_wc_elo,Market-Adjusted WC Elo Model,R16_07,6,round_of_16,Round of 16,R16_07,,,PREDICTED,round_of_16,Argentina,Australia,0.9104977794718576,0.08950222052814234,Argentina,0.9104977794718576,,,,0.0,2,-0.0,2,False,False
market_adjusted_wc_elo,Market-Adjusted WC Elo Model,R16_08,7,round_of_16,Round of 16,R16_08,,,PREDICTED,round_of_16,Switzerland,Colombia,0.38520939895857753,0.6147906010414225,Colombia,0.6147906010414225,,,,0.0,2,-0.0,2,False,False
market_adjusted_wc_elo,Market-Adjusted WC Elo Model,QF_01,0,quarterfinal,Quarterfinal,QF_01,,,PREDICTED,quarterfinal,France,Netherlands,0.7183621129560013,0.2816378870439987,France,0.7183621129560013,,,,0.0,4,-0.0,4,False,False
market_adjusted_wc_elo,Market-Adjusted WC Elo Model,QF_02,1,quarterfinal,Quarterfinal,QF_02,,,PREDICTED,quarterfinal,Spain,Belgium,0.8289934216017929,0.17100657839820715,Spain,0.8289934216017929,,,,0.0,4,-0.0,4,False,False
market_adjusted_wc_elo,Market-Adjusted WC Elo Model,QF_03,2,quarterfinal,Quarterfinal,QF_03,,,PREDICTED,quarterfinal,Brazil,England,0.5540056056653373,0.4459943943346627,Brazil,0.5540056056653373,,,,0.0,4,-0.0,4,False,False
market_adjusted_wc_elo,Market-Adjusted WC Elo Model,QF_04,3,quarterfinal,Quarterfinal,QF_04,,,PREDICTED,quarterfinal,Argentina,Colombia,0.6672391023327038,0.3327608976672962,Argentina,0.6672391023327038,,,,0.0,4,-0.0,4,False,False
market_adjusted_wc_elo,Market-Adjusted WC Elo Model,SF_01,0,semifinal,Semifinal,SF_01,,,PREDICTED,semifinal,France,Spain,0.5001695930237189,0.4998304069762811,France,0.5001695930237189,,,,0.0,8,-0.0,8,False,False
market_adjusted_wc_elo,Market-Adjusted WC Elo Model,SF_02,1,semifinal,Semifinal,SF_02,,,PREDICTED,semifinal,Brazil,Argentina,0.42682208571679436,0.5731779142832056,Argentina,0.5731779142832056,,,,0.0,8,-0.0,8,False,False
market_adjusted_wc_elo,Market-Adjusted WC Elo Model,F_01,0,final,Final,F_01,,,PREDICTED,final,France,Argentina,0.5636901631374998,0.4363098368625003,France,0.5636901631374998,,,,0.0,16,-0.0,16,False,False
