model_snapshot,phase,group,match_id,match_number,source_match_a,source_match_b,team_a,team_b,team_a_win_prob,draw_prob,team_b_win_prob,team_a_advancement_prob,team_b_advancement_prob,predicted_outcome,predicted_advancer,team_a_expected_points,team_b_expected_points,team_a_rating,team_b_rating,team_a_group_points_before,team_b_group_points_before,team_a_likely_qualified,team_b_likely_qualified,team_a_must_win,team_b_must_win,notes
temporary_blend_logistic_0.65_gradient_boosting_0.35_with_current_world_cup_adjustment,group,A,A1,,,,Mexico,South Africa,0.6574231920132672,0.19063532650817477,0.15194148147855796,,,team_a_win,,2.162904902547976,0.6464597709438487,1963.6233712346527,1616.9018087967474,0.0,0.0,0.0,0.0,0.0,0.0,"temporary deterministic snapshot; group match order uses fixture CSV order, not official schedule"
temporary_blend_logistic_0.65_gradient_boosting_0.35_with_current_world_cup_adjustment,group,A,A2,,,,Mexico,South Korea,0.40897885657992583,0.29978104631165703,0.29124009710841725,,,team_a_win,,1.5267176160514344,1.1735013376369088,1963.6233712346527,1903.834675377727,3.0,0.0,0.0,0.0,0.0,0.0,"temporary deterministic snapshot; group match order uses fixture CSV order, not official schedule"
temporary_blend_logistic_0.65_gradient_boosting_0.35_with_current_world_cup_adjustment,group,A,A3,,,,Mexico,Czech Republic,0.23627683877084577,0.621606242060657,0.14211691916849717,,,draw,,1.3304367583731942,1.0479569995661484,1963.6233712346527,1867.23206910676,6.0,0.0,1.0,0.0,0.0,0.0,"temporary deterministic snapshot; group match order uses fixture CSV order, not official schedule"
temporary_blend_logistic_0.65_gradient_boosting_0.35_with_current_world_cup_adjustment,group,A,A4,,,,South Africa,South Korea,0.178518634083966,0.1958220065476356,0.6256593593683984,,,team_b_win,,0.7313779087995337,2.072800084652831,1616.9018087967474,1903.834675377727,0.0,0.0,0.0,0.0,0.0,0.0,"temporary deterministic snapshot; group match order uses fixture CSV order, not official schedule"
temporary_blend_logistic_0.65_gradient_boosting_0.35_with_current_world_cup_adjustment,group,A,A5,,,,South Africa,Czech Republic,0.1551993697970164,0.4932396565126057,0.351560973690378,,,draw,,0.9588377659036549,1.5479225775837397,1616.9018087967474,1867.23206910676,0.0,1.0,0.0,0.0,1.0,0.0,"temporary deterministic snapshot; group match order uses fixture CSV order, not official schedule"
temporary_blend_logistic_0.65_gradient_boosting_0.35_with_current_world_cup_adjustment,group,A,A6,,,,South Korea,Czech Republic,0.39673619073819155,0.2464023020793537,0.35686150718245485,,,team_a_win,,1.4366108742939283,1.3169868236267184,1903.834675377727,1867.23206910676,3.0,2.0,0.0,0.0,1.0,1.0,"temporary deterministic snapshot; group match order uses fixture CSV order, not official schedule"
temporary_blend_logistic_0.65_gradient_boosting_0.35_with_current_world_cup_adjustment,group,B,B1,,,,Canada,Bosnia and Herzegovina,0.5215247473147766,0.2789886288127661,0.1994866238724574,,,team_a_win,,1.843562870757096,0.8774485004301383,1938.0244892601984,1735.9432249247711,0.0,0.0,0.0,0.0,0.0,0.0,"temporary deterministic snapshot; group match order uses fixture CSV order, not official schedule"
temporary_blend_logistic_0.65_gradient_boosting_0.35_with_current_world_cup_adjustment,group,B,B2,,,,Canada,Qatar,0.6895363623663683,0.18569658458227267,0.12476705305135902,,,team_a_win,,2.2543056716813776,0.5599977437363497,1938.0244892601984,1551.0761453445905,3.0,0.0,0.0,0.0,0.0,0.0,"temporary deterministic snapshot; group match order uses fixture CSV order, not official schedule"
temporary_blend_logistic_0.65_gradient_boosting_0.35_with_current_world_cup_adjustment,group,B,B3,,,,Canada,Switzerland,0.15423992787310895,0.6585898720556848,0.18717020007120622,,,draw,,1.1213096556750117,1.2201004722693034,1938.0244892601984,2038.7572317683955,6.0,0.0,1.0,0.0,0.0,0.0,"temporary deterministic snapshot; group match order uses fixture CSV order, not official schedule"
temporary_blend_logistic_0.65_gradient_boosting_0.35_with_current_world_cup_adjustment,group,B,B4,,,,Bosnia and Herzegovina,Qatar,0.6002815918769275,0.20279808346914127,0.19692032465393122,,,team_a_win,,2.003642859099924,0.7935590574309349,1735.9432249247711,1551.0761453445905,0.0,0.0,0.0,0.0,0.0,0.0,"temporary deterministic snapshot; group match order uses fixture CSV order, not official schedule"
temporary_blend_logistic_0.65_gradient_boosting_0.35_with_current_world_cup_adjustment,group,B,B5,,,,Bosnia and Herzegovina,Switzerland,0.1426710110294296,0.48297889869584915,0.37435009027472127,,,draw,,0.910991931784138,1.606029169520013,1735.9432249247711,2038.7572317683955,3.0,1.0,0.0,0.0,1.0,0.0,"temporary deterministic snapshot; group match order uses fixture CSV order, not official schedule"
temporary_blend_logistic_0.65_gradient_boosting_0.35_with_current_world_cup_adjustment,group,B,B6,,,,Qatar,Switzerland,0.10254798164245357,0.12376623233637313,0.7736857860211733,,,team_b_win,,0.4314101772637338,2.444823590399893,1551.0761453445905,2038.7572317683955,0.0,2.0,0.0,0.0,1.0,1.0,"temporary deterministic snapshot; group match order uses fixture CSV order, not official schedule"
temporary_blend_logistic_0.65_gradient_boosting_0.35_with_current_world_cup_adjustment,group,C,C1,,,,Brazil,Morocco,0.5233048947953873,0.24886654479430367,0.22782856041030902,,,team_a_win,,1.8187812291804657,0.9323522260252308,2170.0000399621053,1983.2608030797985,0.0,0.0,0.0,0.0,0.0,0.0,"temporary deterministic snapshot; group match order uses fixture CSV order, not official schedule"
temporary_blend_logistic_0.65_gradient_boosting_0.35_with_current_world_cup_adjustment,group,C,C2,,,,Brazil,Haiti,0.7957061877472552,0.11736706062467848,0.0869267516280663,,,team_a_win,,2.504485623866444,0.3781473155088774,2170.0000399621053,1521.2068311237822,3.0,0.0,0.0,0.0,0.0,0.0,"temporary deterministic snapshot; group match order uses fixture CSV order, not official schedule"
temporary_blend_logistic_0.65_gradient_boosting_0.35_with_current_world_cup_adjustment,group,C,C3,,,,Brazil,Scotland,0.32016522892285565,0.5700789216622187,0.10975584941492565,,,draw,,1.5305746084307859,0.8993464699069957,2170.0000399621053,1942.4303385713877,6.0,0.0,1.0,0.0,0.0,0.0,"temporary deterministic snapshot; group match order uses fixture CSV order, not official schedule"
temporary_blend_logistic_0.65_gradient_boosting_0.35_with_current_world_cup_adjustment,group,C,C4,,,,Morocco,Haiti,0.7350129697687858,0.1480739162120261,0.11691311401918808,,,team_a_win,,2.3531128255183833,0.49881325826959033,1983.2608030797985,1521.2068311237822,0.0,0.0,0.0,0.0,0.0,0.0,"temporary deterministic snapshot; group match order uses fixture CSV order, not official schedule"
temporary_blend_logistic_0.65_gradient_boosting_0.35_with_current_world_cup_adjustment,group,C,C5,,,,Morocco,Scotland,0.3081814318322661,0.5113662088726942,0.1804523592950397,,,draw,,1.4359105043694926,1.0527232867578133,1983.2608030797985,1942.4303385713877,3.0,1.0,0.0,0.0,1.0,0.0,"temporary deterministic snapshot; group match order uses fixture CSV order, not official schedule"
temporary_blend_logistic_0.65_gradient_boosting_0.35_with_current_world_cup_adjustment,group,C,C6,,,,Haiti,Scotland,0.13394870341564083,0.1529609961601794,0.7130903004241798,,,team_b_win,,0.554807106407102,2.2922318974327185,1521.2068311237822,1942.4303385713877,0.0,2.0,0.0,0.0,1.0,1.0,"temporary deterministic snapshot; group match order uses fixture CSV order, not official schedule"
temporary_blend_logistic_0.65_gradient_boosting_0.35_with_current_world_cup_adjustment,group,D,D1,,,,United States,Paraguay,0.33680535345015267,0.26180534452337095,0.40138930202647644,,,team_b_win,,1.272221404873829,1.4659732506028003,1970.4909430856064,1993.651596894532,0.0,0.0,0.0,0.0,0.0,0.0,"temporary deterministic snapshot; group match order uses fixture CSV order, not official schedule"
temporary_blend_logistic_0.65_gradient_boosting_0.35_with_current_world_cup_adjustment,group,D,D2,,,,United States,Australia,0.4732559628650179,0.25760204899372147,0.26914198814126067,,,team_a_win,,1.6773699375887752,1.0650280134175034,1970.4909430856064,1829.2225312126195,0.0,0.0,0.0,0.0,0.0,0.0,"temporary deterministic snapshot; group match order uses fixture CSV order, not official schedule"
temporary_blend_logistic_0.65_gradient_boosting_0.35_with_current_world_cup_adjustment,group,D,D3,,,,United States,Turkey,0.21833087854280406,0.5162720166243479,0.26539710483284823,,,draw,,1.17126465225276,1.3124633311228924,1970.4909430856064,2058.299745914691,3.0,0.0,0.0,0.0,1.0,0.0,"temporary deterministic snapshot; group match order uses fixture CSV order, not official schedule"
temporary_blend_logistic_0.65_gradient_boosting_0.35_with_current_world_cup_adjustment,group,D,D4,,,,Paraguay,Australia,0.5009871708765116,0.24791102652910502,0.25110180259438347,,,team_a_win,,1.7508725391586397,1.0012164343122554,1993.651596894532,1829.2225312126195,3.0,0.0,0.0,0.0,0.0,0.0,"temporary deterministic snapshot; group match order uses fixture CSV order, not official schedule"
temporary_blend_logistic_0.65_gradient_boosting_0.35_with_current_world_cup_adjustment,group,D,D5,,,,Paraguay,Turkey,0.17605360362689496,0.624449088140379,0.19949730823272593,,,draw,,1.1526098990210638,1.222941012838557,1993.651596894532,2058.299745914691,6.0,1.0,1.0,0.0,0.0,0.0,"temporary deterministic snapshot; group match order uses fixture CSV order, not official schedule"
temporary_blend_logistic_0.65_gradient_boosting_0.35_with_current_world_cup_adjustment,group,D,D6,,,,Australia,Turkey,0.20301145787572283,0.2032491493215085,0.5937393928027688,,,team_b_win,,0.812283522948677,1.9844673277298148,1829.2225312126195,2058.299745914691,0.0,2.0,0.0,0.0,1.0,1.0,"temporary deterministic snapshot; group match order uses fixture CSV order, not official schedule"
temporary_blend_logistic_0.65_gradient_boosting_0.35_with_current_world_cup_adjustment,group,E,E1,,,,Germany,Curaçao,0.8125479356303047,0.10671337923852539,0.08073868513116987,,,team_a_win,,2.5443571861294396,0.34892943463203496,2124.664252487558,1388.7103457624453,0.0,0.0,0.0,0.0,0.0,0.0,"temporary deterministic snapshot; group match order uses fixture CSV order, not official schedule"
temporary_blend_logistic_0.65_gradient_boosting_0.35_with_current_world_cup_adjustment,group,E,E2,,,,Germany,Ivory Coast,0.6094468489487893,0.21608231306059808,0.17447083799061258,,,team_a_win,,2.044422859906966,0.7394948270324359,2124.664252487558,1830.020355970636,3.0,0.0,0.0,0.0,0.0,0.0,"temporary deterministic snapshot; group match order uses fixture CSV order, not official schedule"
temporary_blend_logistic_0.65_gradient_boosting_0.35_with_current_world_cup_adjustment,group,E,E3,,,,Germany,Ecuador,0.2242528531327562,0.6328754067072685,0.14287174015997534,,,draw,,1.3056339661055372,1.0614906271871944,2124.664252487558,2078.182411710835,6.0,0.0,1.0,0.0,0.0,0.0,"temporary deterministic snapshot; group match order uses fixture CSV order, not official schedule"
temporary_blend_logistic_0.65_gradient_boosting_0.35_with_current_world_cup_adjustment,group,E,E4,,,,Curaçao,Ivory Coast,0.11933716016748899,0.1553465001427136,0.7253163396897975,,,team_b_win,,0.5133579806451806,2.331295519212106,1388.7103457624453,1830.020355970636,0.0,0.0,0.0,0.0,0.0,0.0,"temporary deterministic snapshot; group match order uses fixture CSV order, not official schedule"
temporary_blend_logistic_0.65_gradient_boosting_0.35_with_current_world_cup_adjustment,group,E,E5,,,,Curaçao,Ecuador,0.08977744567068767,0.32545301694443374,0.5847695373848787,,,team_b_win,,0.5947853539564967,2.0797616290990697,1388.7103457624453,2078.182411710835,0.0,1.0,0.0,0.0,1.0,0.0,"temporary deterministic snapshot; group match order uses fixture CSV order, not official schedule"
temporary_blend_logistic_0.65_gradient_boosting_0.35_with_current_world_cup_adjustment,group,E,E6,,,,Ivory Coast,Ecuador,0.22745212995043282,0.34029468459996765,0.4322531854495996,,,team_b_win,,1.022651074451266,1.6370542409487665,1830.020355970636,2078.182411710835,3.0,4.0,0.0,0.0,1.0,0.0,"temporary deterministic snapshot; group match order uses fixture CSV order, not official schedule"
temporary_blend_logistic_0.65_gradient_boosting_0.35_with_current_world_cup_adjustment,group,F,F1,,,,Netherlands,Japan,0.45812572328270174,0.27176092036276733,0.27011335635453093,,,team_a_win,,1.6461380902108727,1.08210098942636,2119.056107842316,2040.282418197196,0.0,0.0,0.0,0.0,0.0,0.0,"temporary deterministic snapshot; group match order uses fixture CSV order, not official schedule"
temporary_blend_logistic_0.65_gradient_boosting_0.35_with_current_world_cup_adjustment,group,F,F2,,,,Netherlands,Sweden,0.6242578132040126,0.20032035603965861,0.17542183075632878,,,team_a_win,,2.0730937956516966,0.7265858483086449,2119.056107842316,1915.595476335484,3.0,0.0,0.0,0.0,0.0,0.0,"temporary deterministic snapshot; group match order uses fixture CSV order, not official schedule"
temporary_blend_logistic_0.65_gradient_boosting_0.35_with_current_world_cup_adjustment,group,F,F3,,,,Netherlands,Tunisia,0.42227523936540207,0.49117789098125025,0.08654686965334775,,,draw,,1.7580036090774565,0.7508184999412935,2119.056107842316,1750.7674724129602,6.0,0.0,1.0,0.0,0.0,0.0,"temporary deterministic snapshot; group match order uses fixture CSV order, not official schedule"
temporary_blend_logistic_0.65_gradient_boosting_0.35_with_current_world_cup_adjustment,group,F,F4,,,,Japan,Sweden,0.526105221460663,0.22541330841297227,0.24848147012636473,,,team_a_win,,1.8037289727949612,0.9708577187920665,2040.282418197196,1915.595476335484,0.0,0.0,0.0,0.0,0.0,0.0,"temporary deterministic snapshot; group match order uses fixture CSV order, not official schedule"
temporary_blend_logistic_0.65_gradient_boosting_0.35_with_current_world_cup_adjustment,group,F,F5,,,,Japan,Tunisia,0.4412541828439232,0.45191899237464883,0.10682682478142805,,,draw,,1.7756815409064184,0.772399466718933,2040.282418197196,1750.7674724129602,3.0,1.0,0.0,0.0,1.0,0.0,"temporary deterministic snapshot; group match order uses fixture CSV order, not official schedule"
temporary_blend_logistic_0.65_gradient_boosting_0.35_with_current_world_cup_adjustment,group,F,F6,,,,Sweden,Tunisia,0.5146104046111635,0.22521021966907478,0.2601793757197617,,,team_a_win,,1.7690414335025653,1.00574834682836,1915.595476335484,1750.7674724129602,0.0,2.0,0.0,0.0,1.0,1.0,"temporary deterministic snapshot; group match order uses fixture CSV order, not official schedule"
temporary_blend_logistic_0.65_gradient_boosting_0.35_with_current_world_cup_adjustment,group,G,G1,,,,Belgium,Egypt,0.6485746317856055,0.20183005432262546,0.1495953138917691,,,team_a_win,,2.147553949679442,0.6506159959979327,2051.4798111777664,1763.309492579493,0.0,0.0,0.0,0.0,0.0,0.0,"temporary deterministic snapshot; group match order uses fixture CSV order, not official schedule"
temporary_blend_logistic_0.65_gradient_boosting_0.35_with_current_world_cup_adjustment,group,G,G2,,,,Belgium,Iran,0.6155843713761575,0.21201738122657982,0.17239824739726273,,,team_a_win,,2.0587704953550525,0.7292121234183679,2051.4798111777664,1788.294437909715,3.0,0.0,0.0,0.0,0.0,0.0,"temporary deterministic snapshot; group match order uses fixture CSV order, not official schedule"
temporary_blend_logistic_0.65_gradient_boosting_0.35_with_current_world_cup_adjustment,group,G,G3,,,,Belgium,New Zealand,0.5160743129247057,0.4043188094808012,0.07960687759449311,,,team_a_win,,1.9525417482549183,0.6431394422642805,2051.4798111777664,1533.398939239832,6.0,0.0,1.0,0.0,0.0,0.0,"temporary deterministic snapshot; group match order uses fixture CSV order, not official schedule"
temporary_blend_logistic_0.65_gradient_boosting_0.35_with_current_world_cup_adjustment,group,G,G4,,,,Egypt,Iran,0.32408743036186516,0.28870417142063304,0.38720839821750186,,,team_b_win,,1.2609664625062285,1.4503293660731387,1763.309492579493,1788.294437909715,0.0,0.0,0.0,0.0,0.0,0.0,"temporary deterministic snapshot; group match order uses fixture CSV order, not official schedule"
temporary_blend_logistic_0.65_gradient_boosting_0.35_with_current_world_cup_adjustment,group,G,G5,,,,Egypt,New Zealand,0.4229958621979494,0.46331772452501785,0.11368641327703266,,,draw,,1.732305311118866,0.8043769643561158,1763.309492579493,1533.398939239832,0.0,0.0,0.0,0.0,1.0,0.0,"temporary deterministic snapshot; group match order uses fixture CSV order, not official schedule"
temporary_blend_logistic_0.65_gradient_boosting_0.35_with_current_world_cup_adjustment,group,G,G6,,,,Iran,New Zealand,0.629245021752373,0.20920857265113454,0.16154640559649253,,,team_a_win,,2.0969436379082533,0.6938477894406121,1788.294437909715,1533.398939239832,3.0,1.0,0.0,0.0,1.0,1.0,"temporary deterministic snapshot; group match order uses fixture CSV order, not official schedule"
temporary_blend_logistic_0.65_gradient_boosting_0.35_with_current_world_cup_adjustment,group,H,H1,,,,Spain,Cape Verde,0.8161988103075939,0.10338986683391622,0.08041132285848973,,,team_a_win,,2.551986297756698,0.3446238354093854,2297.526948734606,1594.2799873604877,0.0,0.0,0.0,0.0,0.0,0.0,"temporary deterministic snapshot; group match order uses fixture CSV order, not official schedule"
temporary_blend_logistic_0.65_gradient_boosting_0.35_with_current_world_cup_adjustment,group,H,H2,,,,Spain,Saudi Arabia,0.8117864886922634,0.10564434555816316,0.08256916574957339,,,team_a_win,,2.541003811634954,0.3533518428068833,2297.526948734606,1676.7596277938565,3.0,0.0,0.0,0.0,0.0,0.0,"temporary deterministic snapshot; group match order uses fixture CSV order, not official schedule"
temporary_blend_logistic_0.65_gradient_boosting_0.35_with_current_world_cup_adjustment,group,H,H3,,,,Spain,Uruguay,0.35193947469007836,0.547251297443361,0.1008092278665606,,,draw,,1.603069721513596,0.8496789810430427,2297.526948734606,2075.0667419227184,6.0,0.0,1.0,0.0,0.0,0.0,"temporary deterministic snapshot; group match order uses fixture CSV order, not official schedule"
temporary_blend_logistic_0.65_gradient_boosting_0.35_with_current_world_cup_adjustment,group,H,H4,,,,Cape Verde,Saudi Arabia,0.329417948806142,0.2585126811386501,0.41206937005520783,,,team_b_win,,1.2467665275570763,1.4947207913042737,1594.2799873604877,1676.7596277938565,0.0,0.0,0.0,0.0,0.0,0.0,"temporary deterministic snapshot; group match order uses fixture CSV order, not official schedule"
temporary_blend_logistic_0.65_gradient_boosting_0.35_with_current_world_cup_adjustment,group,H,H5,,,,Cape Verde,Uruguay,0.1255072394914556,0.4294704300347792,0.44502233047376527,,,team_b_win,,0.8059921485091459,1.764537421456075,1594.2799873604877,2075.0667419227184,0.0,1.0,0.0,0.0,1.0,0.0,"temporary deterministic snapshot; group match order uses fixture CSV order, not official schedule"
temporary_blend_logistic_0.65_gradient_boosting_0.35_with_current_world_cup_adjustment,group,H,H6,,,,Saudi Arabia,Uruguay,0.17162666300760915,0.2746510578878415,0.5537222791045493,,,team_b_win,,0.789531046910669,1.9358178952014895,1676.7596277938565,2075.0667419227184,3.0,4.0,0.0,0.0,1.0,0.0,"temporary deterministic snapshot; group match order uses fixture CSV order, not official schedule"
temporary_blend_logistic_0.65_gradient_boosting_0.35_with_current_world_cup_adjustment,group,I,I1,,,,France,Senegal,0.60805200281545,0.2152055410369037,0.17674245614764633,,,team_a_win,,2.039361549483254,0.7454329094798428,2283.4010872239114,1972.994828924522,0.0,0.0,0.0,0.0,0.0,0.0,"temporary deterministic snapshot; group match order uses fixture CSV order, not official schedule"
temporary_blend_logistic_0.65_gradient_boosting_0.35_with_current_world_cup_adjustment,group,I,I2,,,,France,Iraq,0.7943272022292578,0.11703458554502907,0.08863821222571307,,,team_a_win,,2.5000161922328026,0.3829492222221683,2283.4010872239114,1668.778409936963,3.0,0.0,0.0,0.0,0.0,0.0,"temporary deterministic snapshot; group match order uses fixture CSV order, not official schedule"
temporary_blend_logistic_0.65_gradient_boosting_0.35_with_current_world_cup_adjustment,group,I,I3,,,,France,Norway,0.30528762175023094,0.5800179130998787,0.11469446514989037,,,draw,,1.4958807783505716,0.9241013085495499,2283.4010872239114,2055.799243540252,6.0,0.0,1.0,0.0,0.0,0.0,"temporary deterministic snapshot; group match order uses fixture CSV order, not official schedule"
temporary_blend_logistic_0.65_gradient_boosting_0.35_with_current_world_cup_adjustment,group,I,I4,,,,Senegal,Iraq,0.6454907995835145,0.21565561244967008,0.13885358796681543,,,team_a_win,,2.1521280112002135,0.6322163763501163,1972.994828924522,1668.778409936963,0.0,0.0,0.0,0.0,0.0,0.0,"temporary deterministic snapshot; group match order uses fixture CSV order, not official schedule"
temporary_blend_logistic_0.65_gradient_boosting_0.35_with_current_world_cup_adjustment,group,I,I5,,,,Senegal,Norway,0.22835050700311701,0.5302422406940173,0.24140725230286572,,,draw,,1.2152937617033683,1.2544639976026144,1972.994828924522,2055.799243540252,3.0,1.0,0.0,0.0,1.0,0.0,"temporary deterministic snapshot; group match order uses fixture CSV order, not official schedule"
temporary_blend_logistic_0.65_gradient_boosting_0.35_with_current_world_cup_adjustment,group,I,I6,,,,Iraq,Norway,0.12455564042354629,0.1502112704884963,0.7252330890879575,,,team_b_win,,0.5238781917591352,2.3259105377523683,1668.778409936963,2055.799243540252,0.0,2.0,0.0,0.0,1.0,1.0,"temporary deterministic snapshot; group match order uses fixture CSV order, not official schedule"
temporary_blend_logistic_0.65_gradient_boosting_0.35_with_current_world_cup_adjustment,group,J,J1,,,,Argentina,Algeria,0.6866160620625866,0.18286146601174758,0.13052247192566588,,,team_a_win,,2.2427096521995074,0.5744288817887452,2253.3761277381145,1846.0228309508616,0.0,0.0,0.0,0.0,0.0,0.0,"temporary deterministic snapshot; group match order uses fixture CSV order, not official schedule"
temporary_blend_logistic_0.65_gradient_boosting_0.35_with_current_world_cup_adjustment,group,J,J2,,,,Argentina,Austria,0.6042229858482447,0.22141194133968473,0.17436507281207062,,,team_a_win,,2.034080898884419,0.7445071597758965,2253.3761277381145,1968.551578067808,3.0,0.0,0.0,0.0,0.0,0.0,"temporary deterministic snapshot; group match order uses fixture CSV order, not official schedule"
temporary_blend_logistic_0.65_gradient_boosting_0.35_with_current_world_cup_adjustment,group,J,J3,,,,Argentina,Jordan,0.497305216978734,0.42092561479349033,0.08176916822777562,,,team_a_win,,1.9128412657296923,0.6662331194768172,2253.3761277381145,1723.7702361432473,6.0,0.0,1.0,0.0,0.0,0.0,"temporary deterministic snapshot; group match order uses fixture CSV order, not official schedule"
temporary_blend_logistic_0.65_gradient_boosting_0.35_with_current_world_cup_adjustment,group,J,J4,,,,Algeria,Austria,0.2637685897683379,0.25471468381230683,0.4815167264193554,,,team_b_win,,1.0460204531173205,1.699264863070373,1846.0228309508616,1968.551578067808,0.0,0.0,0.0,0.0,0.0,0.0,"temporary deterministic snapshot; group match order uses fixture CSV order, not official schedule"
temporary_blend_logistic_0.65_gradient_boosting_0.35_with_current_world_cup_adjustment,group,J,J5,,,,Algeria,Jordan,0.37946871925321607,0.4690417365604325,0.1514895441863514,,,draw,,1.6074478943200807,0.9235103691194868,1846.0228309508616,1723.7702361432473,0.0,0.0,0.0,0.0,1.0,0.0,"temporary deterministic snapshot; group match order uses fixture CSV order, not official schedule"
temporary_blend_logistic_0.65_gradient_boosting_0.35_with_current_world_cup_adjustment,group,J,J6,,,,Austria,Jordan,0.6481564849609898,0.18491113375224622,0.16693238128676405,,,team_a_win,,2.1293805886352155,0.6857082776125384,1968.551578067808,1723.7702361432473,3.0,1.0,0.0,0.0,1.0,1.0,"temporary deterministic snapshot; group match order uses fixture CSV order, not official schedule"
temporary_blend_logistic_0.65_gradient_boosting_0.35_with_current_world_cup_adjustment,group,K,K1,,,,Portugal,DR Congo,0.7218514931785255,0.1579091333347425,0.120239373486732,,,team_a_win,,2.3234636128703188,0.5186272537949386,2179.5880458591096,1713.6750878035623,0.0,0.0,0.0,0.0,0.0,0.0,"temporary deterministic snapshot; group match order uses fixture CSV order, not official schedule"
temporary_blend_logistic_0.65_gradient_boosting_0.35_with_current_world_cup_adjustment,group,K,K2,,,,Portugal,Uzbekistan,0.6998103811291342,0.17386848250727027,0.1263211363635956,,,team_a_win,,2.2732996258946727,0.552831891598057,2179.5880458591096,1759.681112015025,3.0,0.0,0.0,0.0,0.0,0.0,"temporary deterministic snapshot; group match order uses fixture CSV order, not official schedule"
temporary_blend_logistic_0.65_gradient_boosting_0.35_with_current_world_cup_adjustment,group,K,K3,,,,Portugal,Colombia,0.2527394335692615,0.6030723845455913,0.14418818188514712,,,draw,,1.3612906852533757,1.0356369302010326,2179.5880458591096,2138.549547217992,6.0,0.0,1.0,0.0,0.0,0.0,"temporary deterministic snapshot; group match order uses fixture CSV order, not official schedule"
temporary_blend_logistic_0.65_gradient_boosting_0.35_with_current_world_cup_adjustment,group,K,K4,,,,DR Congo,Uzbekistan,0.31655402543095845,0.27460839090753386,0.4088375836615078,,,team_b_win,,1.2242704672004092,1.5011211418920574,1713.6750878035623,1759.681112015025,0.0,0.0,0.0,0.0,0.0,0.0,"temporary deterministic snapshot; group match order uses fixture CSV order, not official schedule"
temporary_blend_logistic_0.65_gradient_boosting_0.35_with_current_world_cup_adjustment,group,K,K5,,,,DR Congo,Colombia,0.12992316271669893,0.4483732271700437,0.42170361011325747,,,draw,,0.8381427153201405,1.7134840575098162,1713.6750878035623,2138.549547217992,0.0,1.0,0.0,0.0,1.0,0.0,"temporary deterministic snapshot; group match order uses fixture CSV order, not official schedule"
temporary_blend_logistic_0.65_gradient_boosting_0.35_with_current_world_cup_adjustment,group,K,K6,,,,Uzbekistan,Colombia,0.14808206491174353,0.16560637671083656,0.6863115583774199,,,team_b_win,,0.6098525714460672,2.2245410518430964,1759.681112015025,2138.549547217992,3.0,2.0,0.0,0.0,1.0,1.0,"temporary deterministic snapshot; group match order uses fixture CSV order, not official schedule"
temporary_blend_logistic_0.65_gradient_boosting_0.35_with_current_world_cup_adjustment,group,L,L1,,,,England,Croatia,0.4672183726014524,0.2507589398446131,0.2820226875539346,,,team_a_win,,1.6524140576489703,1.0968270025064168,2181.52406746583,2082.0206049650933,0.0,0.0,0.0,0.0,0.0,0.0,"temporary deterministic snapshot; group match order uses fixture CSV order, not official schedule"
temporary_blend_logistic_0.65_gradient_boosting_0.35_with_current_world_cup_adjustment,group,L,L2,,,,England,Ghana,0.7682067715118586,0.13148235798326552,0.10031087050487597,,,team_a_win,,2.436102672518841,0.43241496949789343,2181.52406746583,1640.6856663239375,3.0,0.0,0.0,0.0,0.0,0.0,"temporary deterministic snapshot; group match order uses fixture CSV order, not official schedule"
temporary_blend_logistic_0.65_gradient_boosting_0.35_with_current_world_cup_adjustment,group,L,L3,,,,England,Panama,0.36938487342348447,0.5419091518281328,0.08870597474838272,,,draw,,1.6500637720985862,0.8080270760732811,2181.52406746583,1807.8209454213816,6.0,0.0,1.0,0.0,0.0,0.0,"temporary deterministic snapshot; group match order uses fixture CSV order, not official schedule"
temporary_blend_logistic_0.65_gradient_boosting_0.35_with_current_world_cup_adjustment,group,L,L4,,,,Croatia,Ghana,0.7511364255675845,0.13438032427846355,0.11448325015395198,,,team_a_win,,2.387789600981217,0.47783007474031947,2082.0206049650933,1640.6856663239375,0.0,0.0,0.0,0.0,0.0,0.0,"temporary deterministic snapshot; group match order uses fixture CSV order, not official schedule"
temporary_blend_logistic_0.65_gradient_boosting_0.35_with_current_world_cup_adjustment,group,L,L5,,,,Croatia,Panama,0.4690518919645311,0.4154564223011619,0.115491685734307,,,team_a_win,,1.8226120981947553,0.7619314795040829,2082.0206049650933,1807.8209454213816,3.0,1.0,0.0,0.0,1.0,0.0,"temporary deterministic snapshot; group match order uses fixture CSV order, not official schedule"
temporary_blend_logistic_0.65_gradient_boosting_0.35_with_current_world_cup_adjustment,group,L,L6,,,,Ghana,Panama,0.22719335774460508,0.2228311174174897,0.5499755248379052,,,team_b_win,,0.904411190651305,1.8727576919312054,1640.6856663239375,1807.8209454213816,0.0,1.0,0.0,0.0,1.0,1.0,"temporary deterministic snapshot; group match order uses fixture CSV order, not official schedule"
temporary_blend_logistic_0.65_gradient_boosting_0.35_with_current_world_cup_adjustment,round_of_32,,73,73,,,South Korea,Canada,0.31087427336801293,0.2516732926268669,0.4374524340051202,0.4367109196814464,0.5632890803185536,team_b_win,Canada,,,1903.834675377727,1938.0244892601984,0.0,0.0,0.0,0.0,0.0,0.0,temporary deterministic snapshot; knockout draw probability is split evenly into advancement probability
temporary_blend_logistic_0.65_gradient_boosting_0.35_with_current_world_cup_adjustment,round_of_32,,74,74,,,Germany,Czech Republic,0.676682550272799,0.18363389031267388,0.13968355941452712,0.768499495429136,0.23150050457086407,team_a_win,Germany,,,2124.664252487558,1867.23206910676,0.0,0.0,0.0,0.0,0.0,0.0,temporary deterministic snapshot; knockout draw probability is split evenly into advancement probability
temporary_blend_logistic_0.65_gradient_boosting_0.35_with_current_world_cup_adjustment,round_of_32,,75,75,,,Netherlands,Morocco,0.5659578940893311,0.2297467133719048,0.2042953925387641,0.6808312507752835,0.3191687492247165,team_a_win,Netherlands,,,2119.056107842316,1983.2608030797985,0.0,0.0,0.0,0.0,0.0,0.0,temporary deterministic snapshot; knockout draw probability is split evenly into advancement probability
temporary_blend_logistic_0.65_gradient_boosting_0.35_with_current_world_cup_adjustment,round_of_32,,76,76,,,Brazil,Japan,0.5375504392591376,0.21650756138692645,0.245941999353936,0.6458042199526008,0.35419578004739927,team_a_win,Brazil,,,2170.0000399621053,2040.282418197196,0.0,0.0,0.0,0.0,0.0,0.0,temporary deterministic snapshot; knockout draw probability is split evenly into advancement probability
temporary_blend_logistic_0.65_gradient_boosting_0.35_with_current_world_cup_adjustment,round_of_32,,77,77,,,France,Scotland,0.7678175924011146,0.13527959115507376,0.09690281644381177,0.8354573879786514,0.16454261202134865,team_a_win,France,,,2283.4010872239114,1942.4303385713877,0.0,0.0,0.0,0.0,0.0,0.0,temporary deterministic snapshot; knockout draw probability is split evenly into advancement probability
temporary_blend_logistic_0.65_gradient_boosting_0.35_with_current_world_cup_adjustment,round_of_32,,78,78,,,Ecuador,Norway,0.3363646523637332,0.27359392040540736,0.39004142723085944,0.47316161256643685,0.5268383874335631,team_b_win,Norway,,,2078.182411710835,2055.799243540252,0.0,0.0,0.0,0.0,0.0,0.0,temporary deterministic snapshot; knockout draw probability is split evenly into advancement probability
temporary_blend_logistic_0.65_gradient_boosting_0.35_with_current_world_cup_adjustment,round_of_32,,79,79,,,Mexico,Sweden,0.478603795646638,0.22821634037204597,0.293179863981316,0.592711965832661,0.407288034167339,team_a_win,Mexico,,,1963.6233712346527,1915.595476335484,0.0,0.0,0.0,0.0,0.0,0.0,temporary deterministic snapshot; knockout draw probability is split evenly into advancement probability
temporary_blend_logistic_0.65_gradient_boosting_0.35_with_current_world_cup_adjustment,round_of_32,,80,80,,,England,Ivory Coast,0.750262985826635,0.15154089747942096,0.09819611669394401,0.8260334345663455,0.1739665654336545,team_a_win,England,,,2181.52406746583,1830.020355970636,0.0,0.0,0.0,0.0,0.0,0.0,temporary deterministic snapshot; knockout draw probability is split evenly into advancement probability
temporary_blend_logistic_0.65_gradient_boosting_0.35_with_current_world_cup_adjustment,round_of_32,,81,81,,,Turkey,Bosnia and Herzegovina,0.7072447564660218,0.17076781675338648,0.12198742678059168,0.7926286648427151,0.20737133515728495,team_a_win,Turkey,,,2058.299745914691,1735.9432249247711,0.0,0.0,0.0,0.0,0.0,0.0,temporary deterministic snapshot; knockout draw probability is split evenly into advancement probability
temporary_blend_logistic_0.65_gradient_boosting_0.35_with_current_world_cup_adjustment,round_of_32,,82,82,,,Belgium,Senegal,0.4751975608979884,0.23658176651799323,0.28822067258401834,0.593488444156985,0.40651155584301496,team_a_win,Belgium,,,2051.4798111777664,1972.994828924522,0.0,0.0,0.0,0.0,0.0,0.0,temporary deterministic snapshot; knockout draw probability is split evenly into advancement probability
temporary_blend_logistic_0.65_gradient_boosting_0.35_with_current_world_cup_adjustment,round_of_32,,83,83,,,Colombia,Croatia,0.452402280324037,0.21733602076230532,0.33026169891365775,0.5610702907051897,0.4389297092948104,team_a_win,Colombia,,,2138.549547217992,2082.0206049650933,0.0,0.0,0.0,0.0,0.0,0.0,temporary deterministic snapshot; knockout draw probability is split evenly into advancement probability
temporary_blend_logistic_0.65_gradient_boosting_0.35_with_current_world_cup_adjustment,round_of_32,,84,84,,,Spain,Austria,0.7298316491877629,0.1579015956013111,0.11226675521092604,0.8087824469884184,0.19121755301158158,team_a_win,Spain,,,2297.526948734606,1968.551578067808,0.0,0.0,0.0,0.0,0.0,0.0,temporary deterministic snapshot; knockout draw probability is split evenly into advancement probability
temporary_blend_logistic_0.65_gradient_boosting_0.35_with_current_world_cup_adjustment,round_of_32,,85,85,,,Switzerland,Egypt,0.6997885130915509,0.17440558733918526,0.12580589956926388,0.7869913067611435,0.21300869323885652,team_a_win,Switzerland,,,2038.7572317683955,1763.309492579493,0.0,0.0,0.0,0.0,0.0,0.0,temporary deterministic snapshot; knockout draw probability is split evenly into advancement probability
temporary_blend_logistic_0.65_gradient_boosting_0.35_with_current_world_cup_adjustment,round_of_32,,86,86,,,Argentina,Uruguay,0.63929688416189,0.21030834700020035,0.15039476883790973,0.7444510576619902,0.2555489423380099,team_a_win,Argentina,,,2253.3761277381145,2075.0667419227184,0.0,0.0,0.0,0.0,0.0,0.0,temporary deterministic snapshot; knockout draw probability is split evenly into advancement probability
temporary_blend_logistic_0.65_gradient_boosting_0.35_with_current_world_cup_adjustment,round_of_32,,87,87,,,Portugal,United States,0.674556945425247,0.1787512086457518,0.14669184592900109,0.763932549748123,0.23606745025187698,team_a_win,Portugal,,,2179.5880458591096,1970.4909430856064,0.0,0.0,0.0,0.0,0.0,0.0,temporary deterministic snapshot; knockout draw probability is split evenly into advancement probability
temporary_blend_logistic_0.65_gradient_boosting_0.35_with_current_world_cup_adjustment,round_of_32,,88,88,,,Paraguay,Iran,0.5695517008301277,0.21787329681754813,0.21257500235232407,0.6784883492389019,0.32151165076109817,team_a_win,Paraguay,,,1993.651596894532,1788.294437909715,0.0,0.0,0.0,0.0,0.0,0.0,temporary deterministic snapshot; knockout draw probability is split evenly into advancement probability
temporary_blend_logistic_0.65_gradient_boosting_0.35_with_current_world_cup_adjustment,round_of_16,,89,89,74,77,Germany,France,0.21448392616444523,0.2221020718094304,0.5634140020261245,0.32553496206916044,0.6744650379308397,team_b_win,France,,,2124.664252487558,2283.4010872239114,0.0,0.0,0.0,0.0,0.0,0.0,temporary deterministic snapshot; knockout draw probability is split evenly into advancement probability
temporary_blend_logistic_0.65_gradient_boosting_0.35_with_current_world_cup_adjustment,round_of_16,,90,90,73,75,Canada,Netherlands,0.17619276950952825,0.21037388428773288,0.6134333462027388,0.2813797116533947,0.7186202883466053,team_b_win,Netherlands,,,1938.0244892601984,2119.056107842316,0.0,0.0,0.0,0.0,0.0,0.0,temporary deterministic snapshot; knockout draw probability is split evenly into advancement probability
temporary_blend_logistic_0.65_gradient_boosting_0.35_with_current_world_cup_adjustment,round_of_16,,91,91,76,78,Brazil,Norway,0.4684228007797765,0.22950821749248296,0.30206898172774055,0.583176909526018,0.416823090473982,team_a_win,Brazil,,,2170.0000399621053,2055.799243540252,0.0,0.0,0.0,0.0,0.0,0.0,temporary deterministic snapshot; knockout draw probability is split evenly into advancement probability
temporary_blend_logistic_0.65_gradient_boosting_0.35_with_current_world_cup_adjustment,round_of_16,,92,92,79,80,Mexico,England,0.14399837562010967,0.23859407442809633,0.617407549951794,0.2632954128341578,0.7367045871658422,team_b_win,England,,,1963.6233712346527,2181.52406746583,0.0,0.0,0.0,0.0,0.0,0.0,temporary deterministic snapshot; knockout draw probability is split evenly into advancement probability
temporary_blend_logistic_0.65_gradient_boosting_0.35_with_current_world_cup_adjustment,round_of_16,,93,93,83,84,Colombia,Spain,0.1947542085557823,0.19493625572951823,0.6103095357146995,0.2922223364205414,0.7077776635794586,team_b_win,Spain,,,2138.549547217992,2297.526948734606,0.0,0.0,0.0,0.0,0.0,0.0,temporary deterministic snapshot; knockout draw probability is split evenly into advancement probability
temporary_blend_logistic_0.65_gradient_boosting_0.35_with_current_world_cup_adjustment,round_of_16,,94,94,81,82,Turkey,Belgium,0.33521334591119856,0.21755323283553643,0.4472334212532651,0.44398996232896676,0.5560100376710333,team_b_win,Belgium,,,2058.299745914691,2051.4798111777664,0.0,0.0,0.0,0.0,0.0,0.0,temporary deterministic snapshot; knockout draw probability is split evenly into advancement probability
temporary_blend_logistic_0.65_gradient_boosting_0.35_with_current_world_cup_adjustment,round_of_16,,95,95,86,88,Argentina,Paraguay,0.7193064216190822,0.1732273077636409,0.10746627061727704,0.8059200755009026,0.1940799244990975,team_a_win,Argentina,,,2253.3761277381145,1993.651596894532,0.0,0.0,0.0,0.0,0.0,0.0,temporary deterministic snapshot; knockout draw probability is split evenly into advancement probability
temporary_blend_logistic_0.65_gradient_boosting_0.35_with_current_world_cup_adjustment,round_of_16,,96,96,85,87,Switzerland,Portugal,0.2283663448335153,0.22400193721350153,0.5476317179529832,0.34036731344026605,0.659632686559734,team_b_win,Portugal,,,2038.7572317683955,2179.5880458591096,0.0,0.0,0.0,0.0,0.0,0.0,temporary deterministic snapshot; knockout draw probability is split evenly into advancement probability
temporary_blend_logistic_0.65_gradient_boosting_0.35_with_current_world_cup_adjustment,quarterfinal,,97,97,89,90,France,Netherlands,0.5340630489583197,0.22259740473513845,0.24333954630654198,0.6453617513258889,0.3546382486741112,team_a_win,France,,,2283.4010872239114,2119.056107842316,0.0,0.0,0.0,0.0,0.0,0.0,temporary deterministic snapshot; knockout draw probability is split evenly into advancement probability
temporary_blend_logistic_0.65_gradient_boosting_0.35_with_current_world_cup_adjustment,quarterfinal,,98,98,93,94,Spain,Belgium,0.6908635805608397,0.14931354560268698,0.15982287383647328,0.7655203533621833,0.23447964663781679,team_a_win,Spain,,,2297.526948734606,2051.4798111777664,0.0,0.0,0.0,0.0,0.0,0.0,temporary deterministic snapshot; knockout draw probability is split evenly into advancement probability
temporary_blend_logistic_0.65_gradient_boosting_0.35_with_current_world_cup_adjustment,quarterfinal,,99,99,91,92,Brazil,England,0.338086668776006,0.22249722125351137,0.43941610997048264,0.4493352794027617,0.5506647205972384,team_b_win,England,,,2170.0000399621053,2181.52406746583,0.0,0.0,0.0,0.0,0.0,0.0,temporary deterministic snapshot; knockout draw probability is split evenly into advancement probability
temporary_blend_logistic_0.65_gradient_boosting_0.35_with_current_world_cup_adjustment,quarterfinal,,100,100,95,96,Argentina,Portugal,0.4830328142359013,0.23455121602115217,0.2824159697429465,0.6003084222464774,0.3996915777535226,team_a_win,Argentina,,,2253.3761277381145,2179.5880458591096,0.0,0.0,0.0,0.0,0.0,0.0,temporary deterministic snapshot; knockout draw probability is split evenly into advancement probability
temporary_blend_logistic_0.65_gradient_boosting_0.35_with_current_world_cup_adjustment,semifinal,,101,101,97,98,France,Spain,0.33404169451307647,0.2285350195835802,0.43742328590334334,0.44830920430486654,0.5516907956951335,team_b_win,Spain,,,2283.4010872239114,2297.526948734606,0.0,0.0,0.0,0.0,0.0,0.0,temporary deterministic snapshot; knockout draw probability is split evenly into advancement probability
temporary_blend_logistic_0.65_gradient_boosting_0.35_with_current_world_cup_adjustment,semifinal,,102,102,99,100,England,Argentina,0.29318444071546124,0.23301156706460074,0.473803992219938,0.4096902242477616,0.5903097757522384,team_b_win,Argentina,,,2181.52406746583,2253.3761277381145,0.0,0.0,0.0,0.0,0.0,0.0,temporary deterministic snapshot; knockout draw probability is split evenly into advancement probability
temporary_blend_logistic_0.65_gradient_boosting_0.35_with_current_world_cup_adjustment,final,,104,104,101,102,Spain,Argentina,0.43808985122163063,0.25317255865333427,0.3087375901250351,0.5646761305482978,0.4353238694517022,team_a_win,Spain,,,2297.526948734606,2253.3761277381145,0.0,0.0,0.0,0.0,0.0,0.0,temporary deterministic snapshot; knockout draw probability is split evenly into advancement probability
